{"modelTopology":{"class_name":"Sequential","config":[{"class_name":"Conv2D","config":{"filters":32,"kernel_initializer":{"class_name":"VarianceScaling","config":{"scale":1,"mode":null,"distribution":null,"seed":null}},"kernel_regularizer":null,"kernel_constraint":null,"kernel_size":[3,3],"strides":[2,2],"padding":"valid","data_format":"channels_last","dilation_rate":[1,1],"activation":"relu","use_bias":true,"bias_initializer":{"class_name":"Zeros","config":{}},"bias_regularizer":null,"activity_regularizer":null,"bias_constraint":null,"name":"conv2d_Conv2D1","trainable":true,"batch_input_shape":[null,32,32,1],"dtype":"float32"}},{"class_name":"Conv2D","config":{"filters":16,"kernel_initializer":{"class_name":"VarianceScaling","config":{"scale":1,"mode":null,"distribution":null,"seed":null}},"kernel_regularizer":null,"kernel_constraint":null,"kernel_size":[4,4],"strides":[1,1],"padding":"valid","data_format":"channels_last","dilation_rate":[1,1],"activation":"relu","use_bias":true,"bias_initializer":{"class_name":"Zeros","config":{}},"bias_regularizer":null,"activity_regularizer":null,"bias_constraint":null,"name":"conv2d_Conv2D2","trainable":true}},{"class_name":"Reshape","config":{"target_shape":[48,48],"name":"reshape_Reshape1","trainable":true}},{"class_name":"LSTM","config":{"units":48,"activation":"tanh","recurrent_activation":"hard_sigmoid","use_bias":true,"kernel_initializer":{"class_name":"VarianceScaling","config":{"scale":1,"mode":"fan_avg","distribution":"normal","seed":null}},"recurrent_initializer":{"class_name":"Orthogonal","config":{"gain":1,"seed":null}},"bias_initializer":{"class_name":"Zeros","config":{}},"unit_forget_bias":null,"kernel_regularizer":null,"recurrent_regularizer":null,"bias_regularizer":null,"activity_regularizer":null,"kernel_constraint":null,"recurrent_constraint":null,"bias_constraint":null,"dropout":0,"recurrent_dropout":0,"implementation":null,"return_sequences":true,"return_state":false,"go_backwards":false,"stateful":false,"unroll":false,"name":"lstm_LSTM1","trainable":true}},{"class_name":"Reshape","config":{"target_shape":[12,12,16],"name":"reshape_Reshape2","trainable":true}},{"class_name":"Conv2DTranspose","config":{"filters":16,"kernel_initializer":{"class_name":"VarianceScaling","config":{"scale":1,"mode":null,"distribution":null,"seed":null}},"kernel_regularizer":null,"kernel_constraint":null,"kernel_size":[4,4],"strides":[1,1],"padding":"valid","data_format":"channels_last","activation":"relu","use_bias":true,"bias_initializer":{"class_name":"Zeros","config":{}},"bias_regularizer":null,"activity_regularizer":null,"bias_constraint":null,"name":"conv2d_transpose_Conv2DTranspose1","trainable":true}},{"class_name":"Conv2DTranspose","config":{"filters":8,"kernel_initializer":{"class_name":"VarianceScaling","config":{"scale":1,"mode":null,"distribution":null,"seed":null}},"kernel_regularizer":null,"kernel_constraint":null,"kernel_size":[4,4],"strides":[2,2],"padding":"valid","data_format":"channels_last","activation":"relu","use_bias":true,"bias_initializer":{"class_name":"Zeros","config":{}},"bias_regularizer":null,"activity_regularizer":null,"bias_constraint":null,"name":"conv2d_transpose_Conv2DTranspose2","trainable":true}},{"class_name":"Conv2DTranspose","config":{"filters":1,"kernel_initializer":{"class_name":"VarianceScaling","config":{"scale":1,"mode":null,"distribution":null,"seed":null}},"kernel_regularizer":null,"kernel_constraint":null,"kernel_size":[1,1],"strides":[1,1],"padding":"valid","data_format":"channels_last","activation":"relu","use_bias":true,"bias_initializer":{"class_name":"Zeros","config":{}},"bias_regularizer":null,"activity_regularizer":null,"bias_constraint":null,"name":"conv2d_transpose_Conv2DTranspose3","trainable":true}}],"keras_version":"tfjs-layers 0.9.1","backend":"tensor_flow.js"},"weightsManifest":[{"paths":["./srcrnn2.weights.bin"],"weights":[{"name":"conv2d_Conv2D1/kernel","shape":[3,3,1,32],"dtype":"float32"},{"name":"conv2d_Conv2D1/bias","shape":[32],"dtype":"float32"},{"name":"conv2d_Conv2D2/kernel","shape":[4,4,32,16],"dtype":"float32"},{"name":"conv2d_Conv2D2/bias","shape":[16],"dtype":"float32"},{"name":"lstm_LSTM1/kernel","shape":[48,192],"dtype":"float32"},{"name":"lstm_LSTM1/recurrent_kernel","shape":[48,192],"dtype":"float32"},{"name":"lstm_LSTM1/bias","shape":[192],"dtype":"float32"},{"name":"conv2d_transpose_Conv2DTranspose1/kernel","shape":[4,4,16,16],"dtype":"float32"},{"name":"conv2d_transpose_Conv2DTranspose1/bias","shape":[16],"dtype":"float32"},{"name":"conv2d_transpose_Conv2DTranspose2/kernel","shape":[4,4,8,16],"dtype":"float32"},{"name":"conv2d_transpose_Conv2DTranspose2/bias","shape":[8],"dtype":"float32"},{"name":"conv2d_transpose_Conv2DTranspose3/kernel","shape":[1,1,1,8],"dtype":"float32"},{"name":"conv2d_transpose_Conv2DTranspose3/bias","shape":[1],"dtype":"float32"}]}]}